"","bcubed.precision","bcubed.recall","bcubed.f1"
"majority-vote",0.0702178620028334,0.818733340901113,0.129342768333539
