id,presicion,recall,f1
007300,0.946935825180395,0.977994592066257,0.96221464190366
