id,presicion,recall,f1
007300,0.767231994012182,0.995507399577167,0.866588821931558
