"","bcubed.precision","bcubed.recall","bcubed.f1"
"majority-vote",0.937773696341112,0.97711008266356,0.957037856812239
